week,avg(change)
1986-50,0.008984400000000003
1996-19,-0.026562400000000076
1998-12,0.04374980000000015
2001-19,0.02250000000000014
2013-16,-0.03799980000000005
2014-27,0.023750250000002637
