week,avg(change)
1983-21,0.0
1991-3,0.03515640000000002
1999-3,0.5058594999999999
2003-42,-0.007750000000000057
2007-3,0.5431250000000003
2018-32,0.1100006000000036
