week,avg(change)
1983-24,0.0
1988-41,0.0
1990-30,-0.104297
2000-24,0.06796879999999987
2004-33,0.0034999999999996588
2018-9,0.11000099999999975
