week,avg(change)
1987-15,0.0
1991-21,0.0
2006-30,0.10949999999999953
2007-50,-0.7955006000000001
2010-36,-0.04187500000000011
