week,avg(change)
1989-43,7.809999999999651E-4
1991-35,-7.809999999999651E-4
2002-39,-0.03674999999999997
2008-49,0.16050000000000003
2014-48,-0.15875074999999939
