week,avg(change)
1991-6,0.1585938
1993-33,0.003125400000000056
1993-40,0.225781
1995-13,-0.0023437999999999628
2008-11,-0.04250000000000007
