week,avg(change)
1991-44,-0.001562399999999986
1999-9,0.045312599999999925
2003-3,0.12300000000000004
2003-49,-0.014499999999999957
2013-31,-0.027000400000000722
2016-47,-0.10750100000000096
