week,avg(change)
1987-3,0.021875000000000006
1990-28,-7.814000000000209E-4
2000-9,-0.03125
2008-4,1.0468750000000004
2014-16,-0.15624899999999897
2018-46,-0.04200120000000425
