week,avg(change)
1990-15,0.0
1990-46,-0.003906200000000015
1996-14,-0.03515625
2001-6,0.04349999999999969
2004-14,-0.0015000000000000568
2012-32,0.03899959999999965
