week,avg(change)
1989-7,0.0
1991-28,-0.003125
2001-30,0.17093759999999972
2002-37,0.0440000000000003
2003-34,-0.0030000000000002915
2007-25,-0.027999999999999758
