week,avg(change)
1983-35,0.0
1989-15,0.0
2000-36,0.021484499999999906
2003-14,-0.01274999999999995
2003-50,-0.5292500000000002
2007-34,-0.032500000000000286
2010-34,0.014500199999999807
