week,avg(change)
1992-12,0.010937400000000074
2013-5,2.409999599999999
