week,avg(change)
1985-50,-0.013672
2000-27,-0.041015749999999906
2016-7,-0.465000250000001
2019-10,2.886000000000004
2020-12,2.8919981999999975
