week,avg(change)
1984-49,0.0
1985-11,0.0
1997-38,0.04062480000000015
1999-18,0.003125
2005-22,0.012500000000000622
2009-24,0.0029999999999997585
2012-27,-0.04750000000000032
