week,avg(change)
1983-41,0.0
1986-6,-0.0160156
1992-51,-0.003125
2011-46,0.07249960000000044
2015-6,3.2189992000000003
