week,avg(change)
1990-23,0.0
1993-18,7.813999999999766E-4
2001-51,-0.038000000000000075
2006-14,-0.006750000000000611
2014-32,0.01900020000000211
2014-6,2.3479994000000004
