week,avg(change)
1986-17,0.0
1999-44,0.059375
1999-48,0.0398436000000002
2012-20,-0.5274996000000008
2014-20,0.3519988000000012
2019-44,-0.149998599999995
1996-36,0.01171875
