week,avg(change)
1986-49,0.0
2002-27,-0.03125
2003-51,-0.039999999999999855
2009-8,0.025000000000000355
