week,avg(change)
1981-30,-0.0015625999999999973
1984-23,0.0
1992-47,-0.009374999999999911
1996-5,0.5796872000000002
1999-5,-0.09843740000000008
2004-50,-0.4177500000000002
