week,avg(change)
1982-26,-0.0011720000000000007
1988-18,0.0
1995-50,-0.3234376
2000-16,-0.03515625
2002-28,-0.03100000000000023
2015-36,0.24599800000000158
