week,avg(change)
1986-43,0.0
1988-43,0.0
1992-37,0.0019529999999999825
1995-20,-0.0414066
1998-47,-0.045312599999999925
1999-25,0.014062599999999925
2011-17,-0.007499400000000378
