week,avg(change)
1984-31,0.0
1985-25,0.0
1987-44,3.9080000000000223E-4
1989-37,-7.812000000000152E-4
2001-29,0.012750000000000128
2004-51,-0.09050000000000011
