week,avg(change)
1995-52,-0.00390625
2000-13,-0.0625
2006-17,0.011000000000000298
2010-30,-0.5094999999999995
2013-35,0.09099999999999894
2019-32,0.14600060000000212
