week,avg(change)
1990-11,0.0
2000-34,0.06875
2004-23,-0.0078125
2008-9,0.08500000000000049
2010-28,0.01999980000000079
2016-6,-1.2019988000000013
2019-51,-0.25399880000000225
