week,avg(change)
1984-44,0.0
1999-46,-0.07656240000000007
2000-20,0.25312519999999983
2003-9,0.008750000000000036
2013-44,-0.09700000000000131
2015-35,-0.13599940000000005
