week,avg(change)
1983-8,0.0
1985-39,0.0
1987-25,0.0
1987-37,-9.767499999999985E-4
1995-18,-0.003906000000000098
1997-28,-0.023437599999999927
1996-28,-0.07656259999999993
