week,avg(change)
1983-27,0.0
1985-16,0.0
1986-33,-3.9060000000000207E-4
1991-19,0.0
1994-29,-0.001562600000000014
2003-17,0.0014999999999998793
2007-36,0.09062500000000018
