week,avg(change)
1982-27,0.0
1982-28,-0.00625
1993-49,0.013280999999999965
1995-4,0.24999980000000005
2005-39,-0.03725000000000058
2008-38,0.09449980000000054
2009-18,0.02200000000000024
