week,avg(change)
1982-42,1.9540000000000112E-4
1989-14,-3.905999999999965E-4
1989-40,-0.11484359999999998
1991-14,-2.000000000279556E-7
2015-12,-0.46999899999999994
